id,name,description,start_date,end_date,course_code,admin_id
1,SQL활용문제1,"[문제1] 사원정보(Employees) 테이블에서 사원번호, 이름, 급여, 업무, 입사일, 상사의 사원번호를 출력하시오. 이때 이름은 이름과 성을 연결하여 Name이라는 별칭으로 출력하시오.","2019-09-09 20:52:02","2019-09-11 00:00:00",7,TA02
2,SQL활용문제2,"[문제 2] 사원정보(Employees) 테이블에서 사원의 이름과 성은 Name, 업무는 Job, 급여는 Salary, 연봉에 $100 보너스를 추가하여 계산한 값은 Increase Ann_Salary, 급여에 $100 보너스를 추가하여 계산한 연봉은 Increase Salary라는 별칭을 붙여 출력하시오.","2019-09-12 00:00:00","2019-09-15 00:00:00",7,TA02
3,SQL활용문제3,"[문제 3] 사원정보(Employees) 테이블에서 모든 사원의 성(last_name)과 연봉을 “성: 1 Year Salary = $연봉” 형식으로 출력하고, 1 Year Salary라는 별칭을 붙여 출력하시오.","2019-09-15 00:00:00","2019-09-17 00:00:00",7,TA02
4,SQL활용문제4,"[문제 4] 부서별로 담당하는 업무를 한 번씩만 출력하시오","2019-09-17 00:00:00","2019-09-20 00:00:00",7,TA02
5,SQL활용문제5,"[문제 5] H R 부서에서 예산 편성 문제로 급여 정보 보고서를 작성하려고 한다. 사원정보(Employees) 테이블에서 급여가 $7,000~$10,000 범위 이외인 사람의 이름과 성(Name으로 별칭) 및 급여를 급여가 적은 순서로 출력하시오.","2019-10-01 00:00:00","2019-10-03 00:00:00",7,TA02
13,SQL활용문제6,"[문제 6] 사원의 성(last_name) 중에‘e’ 및 ‘o’ 글자가 포함된 사원을 출력하시오. 이때 머리글은 ‘e or o Name’이라고 출력하시오.","2019-11-20 16:03:00","2019-11-30 00:00:00",7,TA02
14,SQL활용문제7,"[문제 6] 사원의 성(last_name) 중에 
‘e’ 및 ‘o’ 글자가 포함된 사원을 
출력하시오. 

이때 머리글은 ‘e or o Name’이라고 
출력하시오.","2019-11-21 11:41:30","2019-11-30 00:00:00",7,TA02
